city,district,province
Akkaraipattu,Ampara,Eastern
Ambagahawatta,Ampara,Eastern
Ampara,Ampara,Eastern
Bakmitiyawa,Ampara,Eastern
Deegawapiya,Ampara,Eastern
Devalahinda,Ampara,Eastern
"Digamadulla Weeragoda",Ampara,Eastern
Dorakumbura,Ampara,Eastern
Gonagolla,Ampara,Eastern
Hulannuge,Ampara,Eastern
Kalmunai,Ampara,Eastern
Kannakipuram,Ampara,Eastern
Karativu,Ampara,Eastern
Kekirihena,Ampara,Eastern
Koknahara,Ampara,Eastern
Kolamanthalawa,Ampara,Eastern
Komari,Ampara,Eastern
Lahugala,Ampara,Eastern
Irakkamam,Ampara,Eastern
Mahaoya,Ampara,Eastern
Marathamune,Ampara,Eastern
Namaloya,Ampara,Eastern
Navithanveli,Ampara,Eastern
Nintavur,Ampara,Eastern
Oluvil,Ampara,Eastern
Padiyatalawa,Ampara,Eastern
Pahalalanda,Ampara,Eastern
Panama,Ampara,Eastern
Pannalagama,Ampara,Eastern
Paragahakele,Ampara,Eastern
Periyaneelavanai,Ampara,Eastern
"Polwaga Janapadaya",Ampara,Eastern
Pottuvil,Ampara,Eastern
Sainthamaruthu,Ampara,Eastern
Samanthurai,Ampara,Eastern
Serankada,Ampara,Eastern
Tempitiya,Ampara,Eastern
Thambiluvil,Ampara,Eastern
Tirukovil,Ampara,Eastern
Uhana,Ampara,Eastern
Wadinagala,Ampara,Eastern
Wanagamuwa,Ampara,Eastern
Angamuwa,Anuradhapura,"North Central"
Anuradhapura,Anuradhapura,"North Central"
Awukana,Anuradhapura,"North Central"
Bogahawewa,Anuradhapura,"North Central"
Dematawewa,Anuradhapura,"North Central"
Dimbulagala,Anuradhapura,"North Central"
Dutuwewa,Anuradhapura,"North Central"
Elayapattuwa,Anuradhapura,"North Central"
Ellewewa,Anuradhapura,"North Central"
Eppawala,Anuradhapura,"North Central"
Etawatunuwewa,Anuradhapura,"North Central"
Etaweeragollewa,Anuradhapura,"North Central"
Galapitagala,Anuradhapura,"North Central"
Galenbindunuwewa,Anuradhapura,"North Central"
Galkadawala,Anuradhapura,"North Central"
Galkiriyagama,Anuradhapura,"North Central"
Galkulama,Anuradhapura,"North Central"
Galnewa,Anuradhapura,"North Central"
Gambirigaswewa,Anuradhapura,"North Central"
Ganewalpola,Anuradhapura,"North Central"
Gemunupura,Anuradhapura,"North Central"
Getalawa,Anuradhapura,"North Central"
Gnanikulama,Anuradhapura,"North Central"
Gonahaddenawa,Anuradhapura,"North Central"
Habarana,Anuradhapura,"North Central"
"Halmillawa Dambulla",Anuradhapura,"North Central"
Halmillawetiya,Anuradhapura,"North Central"
Hidogama,Anuradhapura,"North Central"
Horawpatana,Anuradhapura,"North Central"
Horiwila,Anuradhapura,"North Central"
Hurigaswewa,Anuradhapura,"North Central"
Hurulunikawewa,Anuradhapura,"North Central"
"Ihala Puliyankulama",Anuradhapura,"North Central"
Kagama,Anuradhapura,"North Central"
Kahatagasdigiliya,Anuradhapura,"North Central"
Kahatagollewa,Anuradhapura,"North Central"
Kalakarambewa,Anuradhapura,"North Central"
Kalaoya,Anuradhapura,"North Central"
"Kalawedi Ulpotha",Anuradhapura,"North Central"
Kallanchiya,Anuradhapura,"North Central"
Kalpitiya,Anuradhapura,"North Central"
"Kalukele Badanagala",Anuradhapura,"North Central"
Kapugallawa,Anuradhapura,"North Central"
Karagahawewa,Anuradhapura,"North Central"
Kashyapapura,Anuradhapura,"North Central"
Kebithigollewa,Anuradhapura,"North Central"
Kekirawa,Anuradhapura,"North Central"
Kendewa,Anuradhapura,"North Central"
Kiralogama,Anuradhapura,"North Central"
Kirigalwewa,Anuradhapura,"North Central"
Kirimundalama,Anuradhapura,"North Central"
Kitulhitiyawa,Anuradhapura,"North Central"
Kurundankulama,Anuradhapura,"North Central"
Labunoruwa,Anuradhapura,"North Central"
Ihalagama,Anuradhapura,"North Central"
Ipologama,Anuradhapura,"North Central"
Madatugama,Anuradhapura,"North Central"
"Maha Elagamuwa",Anuradhapura,"North Central"
Mahabulankulama,Anuradhapura,"North Central"
Mahailluppallama,Anuradhapura,"North Central"
Mahakanadarawa,Anuradhapura,"North Central"
Mahapothana,Anuradhapura,"North Central"
Mahasenpura,Anuradhapura,"North Central"
Mahawilachchiya,Anuradhapura,"North Central"
Mailagaswewa,Anuradhapura,"North Central"
Malwanagama,Anuradhapura,"North Central"
Maneruwa,Anuradhapura,"North Central"
Maradankadawala,Anuradhapura,"North Central"
Maradankalla,Anuradhapura,"North Central"
Medawachchiya,Anuradhapura,"North Central"
Megodawewa,Anuradhapura,"North Central"
Mihintale,Anuradhapura,"North Central"
Morakewa,Anuradhapura,"North Central"
Mulkiriyawa,Anuradhapura,"North Central"
Muriyakadawala,Anuradhapura,"North Central"
"Colombo 15 (Modara)",Colombo,Western
Nachchaduwa,Anuradhapura,"North Central"
Namalpura,Anuradhapura,"North Central"
Negampaha,Anuradhapura,"North Central"
Nochchiyagama,Anuradhapura,"North Central"
Nuwaragala,Anuradhapura,"North Central"
"Padavi Maithripura",Anuradhapura,"North Central"
"Padavi Parakramapura",Anuradhapura,"North Central"
"Padavi Sripura",Anuradhapura,"North Central"
"Padavi Sritissapura",Anuradhapura,"North Central"
Padaviya,Anuradhapura,"North Central"
Padikaramaduwa,Anuradhapura,"North Central"
"Pahala Halmillewa",Anuradhapura,"North Central"
"Pahala Maragahawe",Anuradhapura,"North Central"
Pahalagama,Anuradhapura,"North Central"
Palugaswewa,Anuradhapura,"North Central"
Pandukabayapura,Anuradhapura,"North Central"
Pandulagama,Anuradhapura,"North Central"
Parakumpura,Anuradhapura,"North Central"
Parangiyawadiya,Anuradhapura,"North Central"
Parasangahawewa,Anuradhapura,"North Central"
Pelatiyawa,Anuradhapura,"North Central"
Pemaduwa,Anuradhapura,"North Central"
Perimiyankulama,Anuradhapura,"North Central"
Pihimbiyagolewa,Anuradhapura,"North Central"
Pubbogama,Anuradhapura,"North Central"
Punewa,Anuradhapura,"North Central"
Rajanganaya,Anuradhapura,"North Central"
Rambewa,Anuradhapura,"North Central"
Rampathwila,Anuradhapura,"North Central"
Rathmalgahawewa,Anuradhapura,"North Central"
Saliyapura,Anuradhapura,"North Central"
Seeppukulama,Anuradhapura,"North Central"
Senapura,Anuradhapura,"North Central"
Sivalakulama,Anuradhapura,"North Central"
Siyambalewa,Anuradhapura,"North Central"
Sravasthipura,Anuradhapura,"North Central"
Talawa,Anuradhapura,"North Central"
Tambuttegama,Anuradhapura,"North Central"
Tammennawa,Anuradhapura,"North Central"
Tantirimale,Anuradhapura,"North Central"
Telhiriyawa,Anuradhapura,"North Central"
Tirappane,Anuradhapura,"North Central"
Tittagonewa,Anuradhapura,"North Central"
"Udunuwara Colony",Anuradhapura,"North Central"
Upuldeniya,Anuradhapura,"North Central"
Uttimaduwa,Anuradhapura,"North Central"
Vellamanal,Anuradhapura,"North Central"
Viharapalugama,Anuradhapura,"North Central"
Wahalkada,Anuradhapura,"North Central"
Wahamalgollewa,Anuradhapura,"North Central"
Walagambahuwa,Anuradhapura,"North Central"
Walahaviddawewa,Anuradhapura,"North Central"
Welimuwapotana,Anuradhapura,"North Central"
"Welioya Project",Anuradhapura,"North Central"
Akkarasiyaya,Badulla,Uva
Aluketiyawa,Badulla,Uva
Aluttaramma,Badulla,Uva
Ambadandegama,Badulla,Uva
Ambagasdowa,Badulla,Uva
Arawa,Badulla,Uva
Arawakumbura,Badulla,Uva
Arawatta,Badulla,Uva
Atakiriya,Badulla,Uva
Badulla,Badulla,Uva
Baduluoya,Badulla,Uva
Ballaketuwa,Badulla,Uva
Bambarapana,Badulla,Uva
Bandarawela,Badulla,Uva
Beramada,Badulla,Uva
Bibilegama,Badulla,Uva
Boragas,Badulla,Uva
Boralanda,Badulla,Uva
Bowela,Badulla,Uva
"Central Camp",Badulla,Uva
Damanewela,Badulla,Uva
Dambana,Badulla,Uva
Dehiattakandiya,Badulla,Uva
Demodara,Badulla,Uva
Diganatenna,Badulla,Uva
Dikkapitiya,Badulla,Uva
Dimbulana,Badulla,Uva
Divulapelessa,Badulla,Uva
Diyatalawa,Badulla,Uva
Dulgolla,Badulla,Uva
Ekiriyankumbura,Badulla,Uva
Ella,Badulla,Uva
Ettampitiya,Badulla,Uva
Galauda,Badulla,Uva
Galporuyaya,Badulla,Uva
Gawarawela,Badulla,Uva
Girandurukotte,Badulla,Uva
Godunna,Badulla,Uva
Gurutalawa,Badulla,Uva
Haldummulla,Badulla,Uva
"Hali Ela",Badulla,Uva
Hangunnawa,Badulla,Uva
Haputale,Badulla,Uva
Hebarawa,Badulla,Uva
Heeloya,Badulla,Uva
Helahalpe,Badulla,Uva
Helapupula,Badulla,Uva
Hopton,Badulla,Uva
Idalgashinna,Badulla,Uva
Kahataruppa,Badulla,Uva
Kalugahakandura,Badulla,Uva
Kalupahana,Badulla,Uva
Kebillawela,Badulla,Uva
Kendagolla,Badulla,Uva
Keselpotha,Badulla,Uva
Ketawatta,Badulla,Uva
Kiriwanagama,Badulla,Uva
Koslanda,Badulla,Uva
Kuruwitenna,Badulla,Uva
Kuttiyagolla,Badulla,Uva
Landewela,Badulla,Uva
Liyangahawela,Badulla,Uva
Lunugala,Badulla,Uva
Lunuwatta,Badulla,Uva
Madulsima,Badulla,Uva
Mahiyanganaya,Badulla,Uva
Makulella,Badulla,Uva
Malgoda,Badulla,Uva
Mapakadawewa,Badulla,Uva
Maspanna,Badulla,Uva
Maussagolla,Badulla,Uva
Mawanagama,Badulla,Uva
"Medawela Udukinda",Badulla,Uva
Meegahakiula,Badulla,Uva
Metigahatenna,Badulla,Uva
Mirahawatta,Badulla,Uva
Miriyabedda,Badulla,Uva
Nawamedagama,Badulla,Uva
Nelumgama,Badulla,Uva
Nikapotha,Badulla,Uva
Nugatalawa,Badulla,Uva
Ohiya,Badulla,Uva
Pahalarathkinda,Badulla,Uva
Pallekiruwa,Badulla,Uva
Passara,Badulla,Uva
Pattiyagedara,Badulla,Uva
Pelagahatenna,Badulla,Uva
Perawella,Badulla,Uva
Pitamaruwa,Badulla,Uva
Pitapola,Badulla,Uva
Puhulpola,Badulla,Uva
Rajagalatenna,Badulla,Uva
Rathkarawwa,Badulla,Uva
Ridimaliyadda,Badulla,Uva
Silmiyapura,Badulla,Uva
Sirimalgoda,Badulla,Uva
Siripura,Badulla,Uva
"Sorabora Colony",Badulla,Uva
Soragune,Badulla,Uva
Soranathota,Badulla,Uva
Taldena,Badulla,Uva
Timbirigaspitiya,Badulla,Uva
Uduhawara,Badulla,Uva
Uraniya,Badulla,Uva
"Uva Karandagolla",Badulla,Uva
"Uva Mawelagama",Badulla,Uva
"Uva Tenna",Badulla,Uva
"Uva Tissapura",Badulla,Uva
Welimada,Badulla,Uva
Weranketagoda,Badulla,Uva
Wewatta,Badulla,Uva
Wineethagama,Badulla,Uva
Yalagamuwa,Badulla,Uva
Yalwela,Badulla,Uva
Addalaichenai,Batticaloa,Eastern
Ampilanthurai,Batticaloa,Eastern
Araipattai,Batticaloa,Eastern
Ayithiyamalai,Batticaloa,Eastern
Bakiella,Batticaloa,Eastern
Batticaloa,Batticaloa,Eastern
Cheddipalayam,Batticaloa,Eastern
Chenkaladi,Batticaloa,Eastern
Eravur,Batticaloa,Eastern
Kaluwanchikudi,Batticaloa,Eastern
Kaluwankemy,Batticaloa,Eastern
Kannankudah,Batticaloa,Eastern
Karadiyanaru,Batticaloa,Eastern
Kathiraveli,Batticaloa,Eastern
Kattankudi,Batticaloa,Eastern
"Kiran (கிரான்)",Batticaloa,Eastern
Kirankulam,Batticaloa,Eastern
Koddaikallar,Batticaloa,Eastern
Kokkaddicholai,Batticaloa,Eastern
Kurukkalmadam,Batticaloa,Eastern
Mandur,Batticaloa,Eastern
Miravodai,Batticaloa,Eastern
Murakottanchanai,Batticaloa,Eastern
Navagirinagar,Batticaloa,Eastern
Navatkadu,Batticaloa,Eastern
Oddamavadi,Batticaloa,Eastern
Palamunai,Batticaloa,Eastern
Pankudavely,Batticaloa,Eastern
Periyaporativu,Batticaloa,Eastern
Periyapullumalai,Batticaloa,Eastern
Pillaiyaradi,Batticaloa,Eastern
Punanai,Batticaloa,Eastern
Thannamunai,Batticaloa,Eastern
Thettativu,Batticaloa,Eastern
Thikkodai,Batticaloa,Eastern
Thirupalugamam,Batticaloa,Eastern
Unnichchai,Batticaloa,Eastern
Vakaneri,Batticaloa,Eastern
Vakarai,Batticaloa,Eastern
Valaichenai,Batticaloa,Eastern
Vantharumoolai,Batticaloa,Eastern
Vellavely,Batticaloa,Eastern
Akarawita,Colombo,Western
Ambalangoda,Colombo,Western
Athurugiriya,Colombo,Western
Avissawella,Colombo,Western
Batawala,Colombo,Western
Battaramulla,Colombo,Western
Biyagama,Colombo,Western
Bope,Colombo,Western
Boralesgamuwa,Colombo,Western
"Colombo 8 (Borella)",Colombo,Western
Dedigamuwa,Colombo,Western
Dehiwala,Colombo,Western
Deltara,Colombo,Western
Habarakada,Colombo,Western
Hanwella,Colombo,Western
Hiripitya,Colombo,Western
Hokandara,Colombo,Western
Homagama,Colombo,Western
Horagala,Colombo,Western
Kaduwela,Colombo,Western
Kaluaggala,Colombo,Western
Kapugoda,Colombo,Western
Kehelwatta,Colombo,Western
Kiriwattuduwa,Colombo,Western
Kolonnawa,Colombo,Western
Kosgama,Colombo,Western
Madapatha,Colombo,Western
Maharagama,Colombo,Western
Malabe,Colombo,Western
Moratuwa,Colombo,Western
"Mount Lavinia",Colombo,Western
Mullegama,Colombo,Western
Napawela,Colombo,Western
Nugegoda,Colombo,Western
Padukka,Colombo,Western
Pannipitiya,Colombo,Western
Piliyandala,Colombo,Western
"Pitipana Homagama",Colombo,Western
Polgasowita,Colombo,Western
Pugoda,Colombo,Western
Ranala,Colombo,Western
Siddamulla,Colombo,Western
Siyambalagoda,Colombo,Western
"Sri Jayawardenepura",Colombo,Western
Talawatugoda,Colombo,Western
Tummodara,Colombo,Western
Waga,Colombo,Western
"Colombo 6 (Wellawatta)",Colombo,Western
Agaliya,Galle,Southern
Ahangama,Galle,Southern
Ahungalla,Galle,Southern
Akmeemana,Galle,Southern
Alawatugoda,Galle,Southern
Aluthwala,Galle,Southern
Ampegama,Galle,Southern
Amugoda,Galle,Southern
Anangoda,Galle,Southern
Angulugaha,Galle,Southern
Ankokkawala,Galle,Southern
Aselapura,Galle,Southern
Baddegama,Galle,Southern
Balapitiya,Galle,Southern
Banagala,Galle,Southern
Batapola,Galle,Southern
Bentota,Galle,Southern
Boossa,Galle,Southern
Dellawa,Galle,Southern
Dikkumbura,Galle,Southern
Dodanduwa,Galle,Southern
"Ella Tanabaddegama",Galle,Southern
Elpitiya,Galle,Southern
Galle,Galle,Southern
Ginimellagaha,Galle,Southern
Gintota,Galle,Southern
Godahena,Galle,Southern
"Gonamulla Junction",Galle,Southern
Gonapinuwala,Galle,Southern
Habaraduwa,Galle,Southern
Haburugala,Galle,Southern
Hikkaduwa,Galle,Southern
Hiniduma,Galle,Southern
Hiyare,Galle,Southern
Kahaduwa,Galle,Southern
Kahawa,Galle,Southern
Karagoda,Galle,Southern
Karandeniya,Galle,Southern
Kosgoda,Galle,Southern
Kottawagama,Galle,Southern
Kottegoda,Galle,Southern
Kuleegoda,Galle,Southern
Magedara,Galle,Southern
"Mahawela Sinhapura",Galle,Southern
Mapalagama,Galle,Southern
"Mapalagama Central",Galle,Southern
Mattaka,Galle,Southern
Meda-Keembiya,Galle,Southern
Meetiyagoda,Galle,Southern
Nagoda,Galle,Southern
Nakiyadeniya,Galle,Southern
Nawandagala,Galle,Southern
Neluwa,Galle,Southern
Nindana,Galle,Southern
"Pahala Millawa",Galle,Southern
Panangala,Galle,Southern
"Pannimulla Panagoda",Galle,Southern
"Parana Thanayamgoda",Galle,Southern
Patana,Galle,Southern
Pitigala,Galle,Southern
Poddala,Galle,Southern
Polgampola,Galle,Southern
Porawagama,Galle,Southern
Rantotuwila,Galle,Southern
Talagampola,Galle,Southern
Talgaspe,Galle,Southern
Talpe,Galle,Southern
Tawalama,Galle,Southern
Tiranagama,Galle,Southern
Udalamatta,Galle,Southern
Udugama,Galle,Southern
Uluvitike,Galle,Southern
Unawatuna,Galle,Southern
Unawitiya,Galle,Southern
Uragaha,Galle,Southern
Uragasmanhandiya,Galle,Southern
Wakwella,Galle,Southern
Walahanduwa,Galle,Southern
Wanchawela,Galle,Southern
Wanduramba,Galle,Southern
Warukandeniya,Galle,Southern
Watugedara,Galle,Southern
Weihena,Galle,Southern
Welikanda,Galle,Southern
Wilanagama,Galle,Southern
Yakkalamulla,Galle,Southern
Yatalamatta,Galle,Southern
Akaragama,Gampaha,Western
Ambagaspitiya,Gampaha,Western
Ambepussa,Gampaha,Western
Andiambalama,Gampaha,Western
Attanagalla,Gampaha,Western
Badalgama,Gampaha,Western
Banduragoda,Gampaha,Western
Batuwatta,Gampaha,Western
Bemmulla,Gampaha,Western
"Biyagama IPZ",Gampaha,Western
Bokalagama,Gampaha,Western
"Bollete (WP)",Gampaha,Western
Bopagama,Gampaha,Western
Buthpitiya,Gampaha,Western
Dagonna,Gampaha,Western
Danowita,Gampaha,Western
Debahera,Gampaha,Western
Dekatana,Gampaha,Western
Delgoda,Gampaha,Western
Delwagura,Gampaha,Western
Demalagama,Gampaha,Western
Demanhandiya,Gampaha,Western
Dewalapola,Gampaha,Western
Divulapitiya,Gampaha,Western
Divuldeniya,Gampaha,Western
Dompe,Gampaha,Western
Dunagaha,Gampaha,Western
Ekala,Gampaha,Western
Ellakkala,Gampaha,Western
Essella,Gampaha,Western
Galedanda,Gampaha,Western
Gampaha,Gampaha,Western
Ganemulla,Gampaha,Western
Giriulla,Gampaha,Western
Gonawala,Gampaha,Western
Halpe,Gampaha,Western
Hapugastenna,Gampaha,Western
Heiyanthuduwa,Gampaha,Western
"Hinatiyana Madawala",Gampaha,Western
Hiswella,Gampaha,Western
Horampella,Gampaha,Western
Hunumulla,Gampaha,Western
Hunupola,Gampaha,Western
"Ihala Madampella",Gampaha,Western
Imbulgoda,Gampaha,Western
Ja-Ela,Gampaha,Western
Kadawatha,Gampaha,Western
Kahatowita,Gampaha,Western
Kalagedihena,Gampaha,Western
Kaleliya,Gampaha,Western
Kandana,Gampaha,Western
Katana,Gampaha,Western
Katudeniya,Gampaha,Western
Katunayake,Gampaha,Western
"Katunayake Air Force Camp",Gampaha,Western
Katunayake(FTZ),Gampaha,Western
Katuwellegama,Gampaha,Western
Kelaniya,Gampaha,Western
Kimbulapitiya,Gampaha,Western
Kirindiwela,Gampaha,Western
Kitalawalana,Gampaha,Western
Kochchikade,Gampaha,Western
Kotadeniyawa,Gampaha,Western
Kotugoda,Gampaha,Western
Kumbaloluwa,Gampaha,Western
Loluwagoda,Gampaha,Western
Mabodale,Gampaha,Western
Madelgamuwa,Gampaha,Western
Makewita,Gampaha,Western
Makola,Gampaha,Western
Malwana,Gampaha,Western
Mandawala,Gampaha,Western
Marandagahamula,Gampaha,Western
Mellawagedara,Gampaha,Western
Minuwangoda,Gampaha,Western
Mirigama,Gampaha,Western
Miriswatta,Gampaha,Western
Mithirigala,Gampaha,Western
Muddaragama,Gampaha,Western
Mudungoda,Gampaha,Western
"Mulleriyawa New Town",Gampaha,Western
Naranwala,Gampaha,Western
Nawana,Gampaha,Western
Nedungamuwa,Gampaha,Western
Negombo,Gampaha,Western
Nikadalupotha,Gampaha,Western
Nikahetikanda,Gampaha,Western
Nittambuwa,Gampaha,Western
Niwandama,Gampaha,Western
Opatha,Gampaha,Western
Pamunugama,Gampaha,Western
Pamunuwatta,Gampaha,Western
Panawala,Gampaha,Western
Pasyala,Gampaha,Western
Peliyagoda,Gampaha,Western
Pepiliyawala,Gampaha,Western
Pethiyagoda,Gampaha,Western
Polpithimukulana,Gampaha,Western
Puwakpitiya,Gampaha,Western
Radawadunna,Gampaha,Western
Radawana,Gampaha,Western
Raddolugama,Gampaha,Western
Ragama,Gampaha,Western
Ruggahawila,Gampaha,Western
Seeduwa,Gampaha,Western
Siyambalape,Gampaha,Western
Talahena,Gampaha,Western
Thambagalla,Gampaha,Western
Thimbirigaskatuwa,Gampaha,Western
Tittapattara,Gampaha,Western
Udathuthiripitiya,Gampaha,Western
Udugampola,Gampaha,Western
Uggalboda,Gampaha,Western
Urapola,Gampaha,Western
Uswetakeiyawa,Gampaha,Western
Veyangoda,Gampaha,Western
Walgammulla,Gampaha,Western
Walpita,Gampaha,Western
"Walpola (WP)",Gampaha,Western
Wathurugama,Gampaha,Western
Watinapaha,Gampaha,Western
Wattala,Gampaha,Western
Weboda,Gampaha,Western
Wegowwa,Gampaha,Western
Weweldeniya,Gampaha,Western
Yakkala,Gampaha,Western
Yatiyana,Gampaha,Western
Ambalantota,Hambantota,Southern
Angunakolapelessa,Hambantota,Southern
Angunakolawewa,Hambantota,Southern
"Bandagiriya Colony",Hambantota,Southern
Barawakumbuka,Hambantota,Southern
Beliatta,Hambantota,Southern
Beragama,Hambantota,Southern
Beralihela,Hambantota,Southern
Bundala,Hambantota,Southern
Ellagala,Hambantota,Southern
Gangulandeniya,Hambantota,Southern
Getamanna,Hambantota,Southern
"Goda Koggalla",Hambantota,Southern
"Gonagamuwa Uduwila",Hambantota,Southern
Gonnoruwa,Hambantota,Southern
Hakuruwela,Hambantota,Southern
Hambantota,Hambantota,Southern
Handugala,Hambantota,Southern
Hungama,Hambantota,Southern
"Ihala Beligalla",Hambantota,Southern
"Iththa Demaliya",Hambantota,Southern
Julampitiya,Hambantota,Southern
Kahandamodara,Hambantota,Southern
Kariyamaditta,Hambantota,Southern
Katuwana,Hambantota,Southern
Kawantissapura,Hambantota,Southern
Kirama,Hambantota,Southern
Kirinda,Hambantota,Southern
Lunama,Hambantota,Southern
Lunugamwehera,Hambantota,Southern
Magama,Hambantota,Southern
Mahagalwewa,Hambantota,Southern
Mamadala,Hambantota,Southern
Medamulana,Hambantota,Southern
Middeniya,Hambantota,Southern
Meegahajandura,Hambantota,Southern
Modarawana,Hambantota,Southern
Mulkirigala,Hambantota,Southern
Nakulugamuwa,Hambantota,Southern
Netolpitiya,Hambantota,Southern
Nihiluwa,Hambantota,Southern
Padawkema,Hambantota,Southern
"Pahala Andarawewa",Hambantota,Southern
Rammalawarapitiya,Hambantota,Southern
Ranakeliya,Hambantota,Southern
Ranmuduwewa,Hambantota,Southern
Ranna,Hambantota,Southern
Ratmalwala,Hambantota,Southern
"Ruhunu Ridiyagama",Hambantota,Southern
"Sooriyawewa Town",Hambantota,Southern
Tangalla,Hambantota,Southern
Tissamaharama,Hambantota,Southern
"Uda Gomadiya",Hambantota,Southern
Udamattala,Hambantota,Southern
Uswewa,Hambantota,Southern
Vitharandeniya,Hambantota,Southern
Walasmulla,Hambantota,Southern
Weeraketiya,Hambantota,Southern
Weerawila,Hambantota,Southern
"Weerawila NewTown",Hambantota,Southern
Wekandawela,Hambantota,Southern
Weligatta,Hambantota,Southern
Yatigala,Hambantota,Southern
Jaffna,Jaffna,Northern
Agalawatta,Kalutara,Western
Alubomulla,Kalutara,Western
Anguruwatota,Kalutara,Western
Atale,Kalutara,Western
Baduraliya,Kalutara,Western
Bandaragama,Kalutara,Western
Batugampola,Kalutara,Western
Bellana,Kalutara,Western
Beruwala,Kalutara,Western
Bolossagama,Kalutara,Western
Bombuwala,Kalutara,Western
Boralugoda,Kalutara,Western
Bulathsinhala,Kalutara,Western
"Danawala Thiniyawala",Kalutara,Western
Delmella,Kalutara,Western
"Dharga Town",Kalutara,Western
Diwalakada,Kalutara,Western
Dodangoda,Kalutara,Western
Dombagoda,Kalutara,Western
Ethkandura,Kalutara,Western
Galpatha,Kalutara,Western
Gamagoda,Kalutara,Western
Gonagalpura,Kalutara,Western
"Gonapola Junction",Kalutara,Western
Govinna,Kalutara,Western
Gurulubadda,Kalutara,Western
Halkandawila,Kalutara,Western
Haltota,Kalutara,Western
"Halvitigala Colony",Kalutara,Western
Halwala,Kalutara,Western
Halwatura,Kalutara,Western
Handapangoda,Kalutara,Western
"Hedigalla Colony",Kalutara,Western
Henegama,Kalutara,Western
Hettimulla,Kalutara,Western
Horana,Kalutara,Western
Ittapana,Kalutara,Western
Kahawala,Kalutara,Western
"Kalawila Kiranthidiya",Kalutara,Western
Kalutara,Kalutara,Western
Kananwila,Kalutara,Western
Kandanagama,Kalutara,Western
Kelinkanda,Kalutara,Western
Kitulgoda,Kalutara,Western
Koholana,Kalutara,Western
"Kuda Uduwa",Kalutara,Western
Labbala,Kalutara,Western
Ihalahewessa,Kalutara,Western
Induruwa,Kalutara,Western
Ingiriya,Kalutara,Western
Maggona,Kalutara,Western
Mahagama,Kalutara,Western
Mahakalupahana,Kalutara,Western
Maharangalla,Kalutara,Western
"Malgalla Talangalla",Kalutara,Western
Matugama,Kalutara,Western
Meegahatenna,Kalutara,Western
Meegama,Kalutara,Western
Meegoda,Kalutara,Western
Millaniya,Kalutara,Western
Millewa,Kalutara,Western
Miwanapalana,Kalutara,Western
Molkawa,Kalutara,Western
Morapitiya,Kalutara,Western
Morontuduwa,Kalutara,Western
Nawattuduwa,Kalutara,Western
Neboda,Kalutara,Western
Padagoda,Kalutara,Western
Pahalahewessa,Kalutara,Western
Paiyagala,Kalutara,Western
Panadura,Kalutara,Western
Pannala,Kalutara,Western
Paragastota,Kalutara,Western
Paragoda,Kalutara,Western
Paraigama,Kalutara,Western
Pelanda,Kalutara,Western
Pelawatta,Kalutara,Western
Pimbura,Kalutara,Western
Pitagaldeniya,Kalutara,Western
Pokunuwita,Kalutara,Western
Poruwedanda,Kalutara,Western
Ratmale,Kalutara,Western
Remunagoda,Kalutara,Western
Talgaswela,Kalutara,Western
Tebuwana,Kalutara,Western
Uduwara,Kalutara,Western
Utumgama,Kalutara,Western
Veyangalla,Kalutara,Western
Wadduwa,Kalutara,Western
Walagedara,Kalutara,Western
Walallawita,Kalutara,Western
Waskaduwa,Kalutara,Western
Welipenna,Kalutara,Western
Weliveriya,Kalutara,Western
"Welmilla Junction",Kalutara,Western
Weragala,Kalutara,Western
Yagirala,Kalutara,Western
Yatadolawatta,Kalutara,Western
"Yatawara Junction",Kalutara,Western
Aludeniya,Kandy,Central
Ambagahapelessa,Kandy,Central
"Ambagamuwa Udabulathgama",Kandy,Central
Ambatenna,Kandy,Central
Ampitiya,Kandy,Central
Ankumbura,Kandy,Central
Atabage,Kandy,Central
Balana,Kandy,Central
Bambaragahaela,Kandy,Central
Batagolladeniya,Kandy,Central
Batugoda,Kandy,Central
Batumulla,Kandy,Central
Bawlana,Kandy,Central
Bopana,Kandy,Central
Danture,Kandy,Central
Dedunupitiya,Kandy,Central
Dekinda,Kandy,Central
Deltota,Kandy,Central
Divulankadawala,Kandy,Central
Dolapihilla,Kandy,Central
Dolosbage,Kandy,Central
Dunuwila,Kandy,Central
Etulgama,Kandy,Central
Galaboda,Kandy,Central
Galagedara,Kandy,Central
Galaha,Kandy,Central
Galhinna,Kandy,Central
Gampola,Kandy,Central
Gelioya,Kandy,Central
Godamunna,Kandy,Central
Gomagoda,Kandy,Central
Gonagantenna,Kandy,Central
Gonawalapatana,Kandy,Central
Gunnepana,Kandy,Central
Gurudeniya,Kandy,Central
Hakmana,Kandy,Central
Handaganawa,Kandy,Central
Handawalapitiya,Kandy,Central
Handessa,Kandy,Central
Hanguranketha,"Nuwara Eliya",Central
Harangalagama,Kandy,Central
Hataraliyadda,Kandy,Central
Hindagala,Kandy,Central
Hondiyadeniya,Kandy,Central
Hunnasgiriya,Kandy,Central
Inguruwatta,Kandy,Central
Jambugahapitiya,Kandy,Central
Kadugannawa,Kandy,Central
Kahataliyadda,Kandy,Central
Kalugala,Kandy,Central
Kandy,Kandy,Central
Kapuliyadde,Kandy,Central
Katugastota,Kandy,Central
Katukitula,Kandy,Central
Kelanigama,Kandy,Central
Kengalla,Kandy,Central
Ketaboola,Kandy,Central
Ketakumbura,Kandy,Central
Kobonila,Kandy,Central
Kolabissa,Kandy,Central
Kolongoda,Kandy,Central
Kulugammana,Kandy,Central
Kumbukkandura,Kandy,Central
Kumburegama,Kandy,Central
Kundasale,Kandy,Central
Leemagahakotuwa,Kandy,Central
"Ihala Kobbekaduwa",Kandy,Central
Lunugama,Kandy,Central
"Lunuketiya Maditta",Kandy,Central
"Madawala Bazaar",Kandy,Central
Madawalalanda,Kandy,Central
Madugalla,Kandy,Central
Madulkele,Kandy,Central
Mahadoraliyadda,Kandy,Central
Mahamedagama,Kandy,Central
Mahanagapura,Kandy,Central
Mailapitiya,Kandy,Central
Makkanigama,Kandy,Central
Makuldeniya,Kandy,Central
Mangalagama,Kandy,Central
Mapakanda,Kandy,Central
Marassana,Kandy,Central
"Marymount Colony","Nuwara Eliya",Central
Mawatura,Kandy,Central
Medamahanuwara,Kandy,Central
"Medawala Harispattuwa",Kandy,Central
Meetalawa,Kandy,Central
"Megoda Kalugamuwa",Kandy,Central
Menikdiwela,Kandy,Central
Menikhinna,Kandy,Central
Mimure,Kandy,Central
Minigamuwa,Kandy,Central
Minipe,Kandy,Central
Moragahapallama,Kandy,Central
Murutalawa,Kandy,Central
Muruthagahamulla,Kandy,Central
Nanuoya,Kandy,Central
Naranpanawa,Kandy,Central
Narawelpita,Kandy,Central
Nawalapitiya,Kandy,Central
Nawathispane,Kandy,Central
Nillambe,Kandy,Central
Nugaliyadda,Kandy,Central
Ovilikanda,Kandy,Central
Pallekotuwa,Kandy,Central
Panwilatenna,Kandy,Central
Paradeka,Kandy,Central
Pasbage,Kandy,Central
Pattitalawa,Kandy,Central
Peradeniya,Kandy,Central
Pilimatalawa,Kandy,Central
Poholiyadda,Kandy,Central
Pubbiliya,Kandy,Central
Pupuressa,Kandy,Central
Pussellawa,Kandy,Central
Putuhapuwa,Kandy,Central
Rajawella,Kandy,Central
Rambukpitiya,Kandy,Central
Rambukwella,Kandy,Central
Rangala,Kandy,Central
Rantembe,Kandy,Central
Sangarajapura,Kandy,Central
Senarathwela,Kandy,Central
Talatuoya,Kandy,Central
Teldeniya,Kandy,Central
Tennekumbura,Kandy,Central
"Uda Peradeniya",Kandy,Central
Udahentenna,Kandy,Central
Udatalawinna,Kandy,Central
Udispattuwa,Kandy,Central
Ududumbara,Kandy,Central
Uduwahinna,Kandy,Central
Uduwela,Kandy,Central
Ulapane,Kandy,Central
Unuwinna,Kandy,Central
Velamboda,Kandy,Central
Watagoda,Kandy,Central
"Watagoda Harispattuwa",Kandy,Central
Wattappola,Kandy,Central
Weligampola,Kandy,Central
Wendaruwa,Kandy,Central
Weragantota,Kandy,Central
Werapitya,Kandy,Central
Werellagama,Kandy,Central
Wettawa,Kandy,Central
Yahalatenna,Kandy,Central
Yatihalagala,Kandy,Central
Alawala,Kegalle,Sabaragamuwa
Alawatura,Kegalle,Sabaragamuwa
Alawwa,Kegalle,Sabaragamuwa
Algama,Kegalle,Sabaragamuwa
Alutnuwara,Kegalle,Sabaragamuwa
Ambalakanda,Kegalle,Sabaragamuwa
Ambulugala,Kegalle,Sabaragamuwa
Amitirigala,Kegalle,Sabaragamuwa
Ampagala,Kegalle,Sabaragamuwa
Anhandiya,Kegalle,Sabaragamuwa
Anhettigama,Kegalle,Sabaragamuwa
Aranayaka,Kegalle,Sabaragamuwa
Aruggammana,Kegalle,Sabaragamuwa
Batuwita,Kegalle,Sabaragamuwa
Beligala(Sab),Kegalle,Sabaragamuwa
Belihuloya,Kegalle,Sabaragamuwa
Berannawa,Kegalle,Sabaragamuwa
Bopitiya,Kegalle,Sabaragamuwa
"Bopitiya (SAB)",Kegalle,Sabaragamuwa
Boralankada,Kegalle,Sabaragamuwa
Bossella,Kegalle,Sabaragamuwa
Bulathkohupitiya,Kegalle,Sabaragamuwa
Damunupola,Kegalle,Sabaragamuwa
Debathgama,Kegalle,Sabaragamuwa
Dedugala,Kegalle,Sabaragamuwa
"Deewala Pallegama",Kegalle,Sabaragamuwa
Dehiowita,Kegalle,Sabaragamuwa
Deldeniya,Kegalle,Sabaragamuwa
Deloluwa,Kegalle,Sabaragamuwa
Deraniyagala,Kegalle,Sabaragamuwa
Dewalegama,Kegalle,Sabaragamuwa
Dewanagala,Kegalle,Sabaragamuwa
Dombemada,Kegalle,Sabaragamuwa
Dorawaka,Kegalle,Sabaragamuwa
Dunumala,Kegalle,Sabaragamuwa
Galapitamada,Kegalle,Sabaragamuwa
Galatara,Kegalle,Sabaragamuwa
"Galigamuwa Town",Kegalle,Sabaragamuwa
Gallella,Kegalle,Sabaragamuwa
Galpatha(Sab),Kegalle,Sabaragamuwa
Gantuna,Kegalle,Sabaragamuwa
Getahetta,Kegalle,Sabaragamuwa
Godagampola,Kegalle,Sabaragamuwa
Gonagala,Kegalle,Sabaragamuwa
Hakahinna,Kegalle,Sabaragamuwa
Hakbellawaka,Kegalle,Sabaragamuwa
Halloluwa,Kegalle,Sabaragamuwa
Hedunuwewa,Kegalle,Sabaragamuwa
Hemmatagama,Kegalle,Sabaragamuwa
Hewadiwela,Kegalle,Sabaragamuwa
Hingula,Kegalle,Sabaragamuwa
Hinguralakanda,Kegalle,Sabaragamuwa
Hingurana,Kegalle,Sabaragamuwa
Hiriwadunna,Kegalle,Sabaragamuwa
"Ihala Walpola",Kegalle,Sabaragamuwa
Ihalagama,Kegalle,Sabaragamuwa
Imbulana,Kegalle,Sabaragamuwa
Imbulgasdeniya,Kegalle,Sabaragamuwa
Kabagamuwa,Kegalle,Sabaragamuwa
Kahapathwala,Kegalle,Sabaragamuwa
Kandaketya,Kegalle,Sabaragamuwa
Kannattota,Kegalle,Sabaragamuwa
Karagahinna,Kegalle,Sabaragamuwa
Kegalle,Kegalle,Sabaragamuwa
Kehelpannala,Kegalle,Sabaragamuwa
"Ketawala Leula",Kegalle,Sabaragamuwa
Kitulgala,Kegalle,Sabaragamuwa
Kondeniya,Kegalle,Sabaragamuwa
Kotiyakumbura,Kegalle,Sabaragamuwa
Lewangama,Kegalle,Sabaragamuwa
Mahabage,Kegalle,Sabaragamuwa
Makehelwala,Kegalle,Sabaragamuwa
Malalpola,Kegalle,Sabaragamuwa
Maldeniya,Kegalle,Sabaragamuwa
Maliboda,Kegalle,Sabaragamuwa
Maliyadda,Kegalle,Sabaragamuwa
Malmaduwa,Kegalle,Sabaragamuwa
Marapana,Kegalle,Sabaragamuwa
Mawanella,Kegalle,Sabaragamuwa
Meetanwala,Kegalle,Sabaragamuwa
"Migastenna Sabara",Kegalle,Sabaragamuwa
Miyanawita,Kegalle,Sabaragamuwa
Molagoda,Kegalle,Sabaragamuwa
Morontota,Kegalle,Sabaragamuwa
Narangala,Kegalle,Sabaragamuwa
Narangoda,Kegalle,Sabaragamuwa
Nattarampotha,Kegalle,Sabaragamuwa
Nelundeniya,Kegalle,Sabaragamuwa
Niyadurupola,Kegalle,Sabaragamuwa
Noori,Kegalle,Sabaragamuwa
Pannila,Kegalle,Sabaragamuwa
Pattampitiya,Kegalle,Sabaragamuwa
Pilawala,Kegalle,Sabaragamuwa
Pothukoladeniya,Kegalle,Sabaragamuwa
Puswelitenna,Kegalle,Sabaragamuwa
Rambukkana,Kegalle,Sabaragamuwa
Rilpola,Kegalle,Sabaragamuwa
Rukmale,Kegalle,Sabaragamuwa
Ruwanwella,Kegalle,Sabaragamuwa
Samanalawewa,Kegalle,Sabaragamuwa
"Seaforth Colony",Kegalle,Sabaragamuwa
"Colombo 2 (Slave Island)",Colombo,Western
"Spring Valley",Kegalle,Sabaragamuwa
Talgaspitiya,Kegalle,Sabaragamuwa
Teligama,Kegalle,Sabaragamuwa
Tholangamuwa,Kegalle,Sabaragamuwa
Thotawella,Kegalle,Sabaragamuwa
"Udaha Hawupe",Kegalle,Sabaragamuwa
Udapotha,Kegalle,Sabaragamuwa
Uduwa,Kegalle,Sabaragamuwa
Undugoda,Kegalle,Sabaragamuwa
Ussapitiya,Kegalle,Sabaragamuwa
Wahakula,Kegalle,Sabaragamuwa
Waharaka,Kegalle,Sabaragamuwa
Wanaluwewa,Kegalle,Sabaragamuwa
Warakapola,Kegalle,Sabaragamuwa
Watura,Kegalle,Sabaragamuwa
Weeoya,Kegalle,Sabaragamuwa
Wegalla,Kegalle,Sabaragamuwa
Weligalla,Kegalle,Sabaragamuwa
Welihelatenna,Kegalle,Sabaragamuwa
Wewelwatta,Kegalle,Sabaragamuwa
Yatagama,Kegalle,Sabaragamuwa
Yatapana,Kegalle,Sabaragamuwa
Yatiyantota,Kegalle,Sabaragamuwa
Yattogoda,Kegalle,Sabaragamuwa
Kandavalai,Kilinochchi,Northern
Karachchi,Kilinochchi,Northern
Kilinochchi,Kilinochchi,Northern
Pachchilaipalli,Kilinochchi,Northern
Poonakary,Kilinochchi,Northern
Akurana,Kandy,Central
Alahengama,Kurunegala,"North Western"
Alahitiyawa,Kurunegala,"North Western"
Ambakote,Kurunegala,"North Western"
Ambanpola,Kurunegala,"North Western"
Andiyagala,Kurunegala,"North Western"
Anukkane,Kurunegala,"North Western"
Aragoda,Kurunegala,"North Western"
Ataragalla,Kurunegala,"North Western"
Awulegama,Kurunegala,"North Western"
Balalla,Kurunegala,"North Western"
Bamunukotuwa,Kurunegala,"North Western"
"Bandara Koswatta",Kurunegala,"North Western"
Bingiriya,Kurunegala,"North Western"
Bogamulla,Kurunegala,"North Western"
Boraluwewa,Kurunegala,"North Western"
Boyagane,Kurunegala,"North Western"
Bujjomuwa,Kurunegala,"North Western"
Buluwala,Kurunegala,"North Western"
Dadayamtalawa,Kurunegala,"North Western"
Dambadeniya,Kurunegala,"North Western"
Daraluwa,Kurunegala,"North Western"
Deegalla,Kurunegala,"North Western"
Demataluwa,Kurunegala,"North Western"
Demuwatha,Kurunegala,"North Western"
Diddeniya,Kurunegala,"North Western"
Digannewa,Kurunegala,"North Western"
Divullegoda,Kurunegala,"North Western"
Diyasenpura,Kurunegala,"North Western"
Dodangaslanda,Kurunegala,"North Western"
Doluwa,Kurunegala,"North Western"
Doragamuwa,Kurunegala,"North Western"
Doratiyawa,Kurunegala,"North Western"
Dunumadalawa,Kurunegala,"North Western"
Dunuwilapitiya,Kurunegala,"North Western"
Ehetuwewa,Kurunegala,"North Western"
Elibichchiya,Kurunegala,"North Western"
Embogama,Kurunegala,"North Western"
Etungahakotuwa,Kurunegala,"North Western"
Galadivulwewa,Kurunegala,"North Western"
Galgamuwa,Kurunegala,"North Western"
Gallellagama,Kurunegala,"North Western"
Gallewa,Kurunegala,"North Western"
Ganegoda,Kurunegala,"North Western"
Girathalana,Kurunegala,"North Western"
Gokaralla,Kurunegala,"North Western"
Gonawila,Kurunegala,"North Western"
Halmillawewa,Kurunegala,"North Western"
Handungamuwa,Kurunegala,"North Western"
Harankahawa,Kurunegala,"North Western"
Helamada,Kurunegala,"North Western"
Hengamuwa,Kurunegala,"North Western"
Hettipola,Kurunegala,"North Western"
Hewainna,Kurunegala,"North Western"
Hilogama,Kurunegala,"North Western"
Hindagolla,Kurunegala,"North Western"
"Hiriyala Lenawa",Kurunegala,"North Western"
Hiruwalpola,Kurunegala,"North Western"
Horambawa,Kurunegala,"North Western"
Hulogedara,Kurunegala,"North Western"
Hulugalla,Kurunegala,"North Western"
"Ihala Gomugomuwa",Kurunegala,"North Western"
"Ihala Katugampala",Kurunegala,"North Western"
Indulgodakanda,Kurunegala,"North Western"
Ithanawatta,Kurunegala,"North Western"
Kadigawa,Kurunegala,"North Western"
Kalankuttiya,Kurunegala,"North Western"
Kalatuwawa,Kurunegala,"North Western"
Kalugamuwa,Kurunegala,"North Western"
Kanadeniyawala,Kurunegala,"North Western"
Kanattewewa,Kurunegala,"North Western"
Kandegedara,Kurunegala,"North Western"
Karagahagedara,Kurunegala,"North Western"
Karambe,Kurunegala,"North Western"
Katiyawa,Kurunegala,"North Western"
Katupota,Kurunegala,"North Western"
Kawudulla,Kurunegala,"North Western"
"Kawuduluwewa Stagell",Kurunegala,"North Western"
Kekunagolla,Kurunegala,"North Western"
Keppitiwalana,Kurunegala,"North Western"
Kimbulwanaoya,Kurunegala,"North Western"
Kirimetiyawa,Kurunegala,"North Western"
Kirindawa,Kurunegala,"North Western"
Kirindigalla,Kurunegala,"North Western"
Kithalawa,Kurunegala,"North Western"
Kitulwala,Kurunegala,"North Western"
Kobeigane,Kurunegala,"North Western"
Kohilagedara,Kurunegala,"North Western"
Konwewa,Kurunegala,"North Western"
Kosdeniya,Kurunegala,"North Western"
Kosgolla,Kurunegala,"North Western"
Kotagala,Kurunegala,"North Western"
"Colombo 13 (Kotahena)",Colombo,Western
Kotawehera,Kurunegala,"North Western"
Kudagalgamuwa,Kurunegala,"North Western"
Kudakatnoruwa,Kurunegala,"North Western"
Kuliyapitiya,Kurunegala,"North Western"
Kumaragama,Kurunegala,"North Western"
Kumbukgeta,Kurunegala,"North Western"
Kumbukwewa,Kurunegala,"North Western"
Kuratihena,Kurunegala,"North Western"
Kurunegala,Kurunegala,"North Western"
Ibbagamuwa,Kurunegala,"North Western"
"Ihala Kadigamuwa",Kurunegala,"North Western"
Lihiriyagama,Kurunegala,"North Western"
Illagolla,Kurunegala,"North Western"
Ilukhena,Kurunegala,"North Western"
Lonahettiya,Kurunegala,"North Western"
Madahapola,Kurunegala,"North Western"
Madakumburumulla,Kurunegala,"North Western"
Madalagama,Kurunegala,"North Western"
"Madawala Ulpotha",Kurunegala,"North Western"
Maduragoda,Kurunegala,"North Western"
Maeliya,Kurunegala,"North Western"
Magulagama,Kurunegala,"North Western"
"Maha Ambagaswewa",Kurunegala,"North Western"
Mahagalkadawala,Kurunegala,"North Western"
Mahagirilla,Kurunegala,"North Western"
Mahamukalanyaya,Kurunegala,"North Western"
Mahananneriya,Kurunegala,"North Western"
Mahapallegama,Kurunegala,"North Western"
Maharachchimulla,Kurunegala,"North Western"
Mahatalakolawewa,Kurunegala,"North Western"
Mahawewa,Kurunegala,"North Western"
Maho,Kurunegala,"North Western"
Makulewa,Kurunegala,"North Western"
Makulpotha,Kurunegala,"North Western"
Makulwewa,Kurunegala,"North Western"
Malagane,Kurunegala,"North Western"
Mandapola,Kurunegala,"North Western"
Maspotha,Kurunegala,"North Western"
Mawathagama,Kurunegala,"North Western"
Medirigiriya,Kurunegala,"North Western"
Medivawa,Kurunegala,"North Western"
Meegalawa,Kurunegala,"North Western"
Meegaswewa,Kurunegala,"North Western"
Meewellawa,Kurunegala,"North Western"
Melsiripura,Kurunegala,"North Western"
Metikumbura,Kurunegala,"North Western"
Metiyagane,Kurunegala,"North Western"
Minhettiya,Kurunegala,"North Western"
Minuwangete,Kurunegala,"North Western"
Mirihanagama,Kurunegala,"North Western"
Monnekulama,Kurunegala,"North Western"
Moragane,Kurunegala,"North Western"
Moragollagama,Kurunegala,"North Western"
Morathiha,Kurunegala,"North Western"
Munamaldeniya,Kurunegala,"North Western"
Muruthenge,Kurunegala,"North Western"
Mutugala,Kurunegala,"North Western"
Nabadewa,Kurunegala,"North Western"
Nagollagama,Kurunegala,"North Western"
Nagollagoda,Kurunegala,"North Western"
Nakkawatta,Kurunegala,"North Western"
Narammala,Kurunegala,"North Western"
Nawasenapura,Kurunegala,"North Western"
Nawatalwatta,Kurunegala,"North Western"
Nelliya,Kurunegala,"North Western"
Nikaweratiya,Kurunegala,"North Western"
Nugagolla,Kurunegala,"North Western"
Nugawela,Kurunegala,"North Western"
Padeniya,Kurunegala,"North Western"
Padiwela,Kurunegala,"North Western"
Pahalagiribawa,Kurunegala,"North Western"
Pahamune,Kurunegala,"North Western"
Palagala,Kurunegala,"North Western"
Palapathwela,Kurunegala,"North Western"
Palaviya,Kurunegala,"North Western"
Pallewela,Kurunegala,"North Western"
Palukadawala,Kurunegala,"North Western"
Panadaragama,Kurunegala,"North Western"
Panagamuwa,Kurunegala,"North Western"
Panaliya,Kurunegala,"North Western"
Panapitiya,Kurunegala,"North Western"
Panliyadda,Kurunegala,"North Western"
Pansiyagama,Kurunegala,"North Western"
Parape,Kurunegala,"North Western"
Pathanewatta,Kurunegala,"North Western"
"Pattiya Watta",Kurunegala,"North Western"
Perakanatta,Kurunegala,"North Western"
Periyakadneluwa,Kurunegala,"North Western"
"Pihimbiya Ratmale",Kurunegala,"North Western"
Pihimbuwa,Kurunegala,"North Western"
Pilessa,Kurunegala,"North Western"
Polgahawela,Kurunegala,"North Western"
Polgolla,Kurunegala,"North Western"
Polpithigama,Kurunegala,"North Western"
Pothuhera,Kurunegala,"North Western"
Pothupitiya,Kurunegala,"North Western"
Pujapitiya,Kurunegala,"North Western"
Rakwana,Kurunegala,"North Western"
Ranorawa,Kurunegala,"North Western"
Rathukohodigala,Kurunegala,"North Western"
Ridibendiella,Kurunegala,"North Western"
Ridigama,Kurunegala,"North Western"
"Saliya Asokapura",Kurunegala,"North Western"
Sandalankawa,Kurunegala,"North Western"
Sevanapitiya,Kurunegala,"North Western"
Sirambiadiya,Kurunegala,"North Western"
Sirisetagama,Kurunegala,"North Western"
Siyambalangamuwa,Kurunegala,"North Western"
Siyambalawewa,Kurunegala,"North Western"
Solepura,Kurunegala,"North Western"
Solewewa,Kurunegala,"North Western"
Sunandapura,Kurunegala,"North Western"
Talawattegedara,Kurunegala,"North Western"
Tambutta,Kurunegala,"North Western"
Tennepanguwa,Kurunegala,"North Western"
Thalahitimulla,Kurunegala,"North Western"
Thalakolawewa,Kurunegala,"North Western"
Thalwita,Kurunegala,"North Western"
"Tharana Udawela",Kurunegala,"North Western"
Thimbiriyawa,Kurunegala,"North Western"
Tisogama,Kurunegala,"North Western"
Thorayaya,Kurunegala,"North Western"
Tulhiriya,Kurunegala,"North Western"
Tuntota,Kurunegala,"North Western"
Tuttiripitigama,Kurunegala,"North Western"
Udagaldeniya,Kurunegala,"North Western"
Udahingulwala,Kurunegala,"North Western"
Udawatta,Kurunegala,"North Western"
Udubaddawa,Kurunegala,"North Western"
Udumulla,Kurunegala,"North Western"
Uhumiya,Kurunegala,"North Western"
"Ulpotha Pallekele",Kurunegala,"North Western"
Ulpothagama,Kurunegala,"North Western"
"Usgala Siyabmalangamuwa",Kurunegala,"North Western"
Vijithapura,Kurunegala,"North Western"
Wadakada,Kurunegala,"North Western"
Wadumunnegedara,Kurunegala,"North Western"
Walakumburumulla,Kurunegala,"North Western"
Wannigama,Kurunegala,"North Western"
Wannikudawewa,Kurunegala,"North Western"
Wannilhalagama,Kurunegala,"North Western"
Wannirasnayakapura,Kurunegala,"North Western"
Warawewa,Kurunegala,"North Western"
Wariyapola,Kurunegala,"North Western"
Watareka,Kurunegala,"North Western"
Wattegama,Kurunegala,"North Western"
Watuwatta,Kurunegala,"North Western"
Weerapokuna,Kurunegala,"North Western"
"Welawa Juncton",Kurunegala,"North Western"
Welipennagahamulla,Kurunegala,"North Western"
Wellagala,Kurunegala,"North Western"
Wellarawa,Kurunegala,"North Western"
Wellawa,Kurunegala,"North Western"
Welpalla,Kurunegala,"North Western"
Wennoruwa,Kurunegala,"North Western"
Weuda,Kurunegala,"North Western"
Wewagama,Kurunegala,"North Western"
Wilgamuwa,Kurunegala,"North Western"
Yakwila,Kurunegala,"North Western"
Yatigaloluwa,Kurunegala,"North Western"
Mannar,Mannar,Northern
Puthukudiyiruppu,Mannar,Northern
Akuramboda,Matale,Central
Alawatuwala,Matale,Central
Alwatta,Matale,Central
Ambana,Matale,Central
Aralaganwila,Matale,Central
Ataragallewa,Matale,Central
Bambaragaswewa,Matale,Central
"Barawardhana Oya",Matale,Central
Beligamuwa,Matale,Central
Damana,Matale,Central
Dambulla,Matale,Central
Damminna,Matale,Central
Dankanda,Matale,Central
Delwite,Matale,Central
Devagiriya,Matale,Central
Dewahuwa,Matale,Central
Divuldamana,Matale,Central
Dullewa,Matale,Central
Dunkolawatta,Matale,Central
Elkaduwa,Matale,Central
"Erawula Junction",Matale,Central
Etanawala,Matale,Central
Galewela,Matale,Central
"Galoya Junction",Matale,Central
Gammaduwa,Matale,Central
"Gangala Puwakpitiya",Matale,Central
Hasalaka,Matale,Central
"Hattota Amuna",Matale,Central
Imbulgolla,Matale,Central
Inamaluwa,Matale,Central
Iriyagolla,Matale,Central
Kaikawala,Matale,Central
Kalundawa,Matale,Central
Kandalama,Matale,Central
Kavudupelella,Matale,Central
Kibissa,Matale,Central
Kiwula,Matale,Central
Kongahawela,Matale,Central
"Laggala Pallegama",Matale,Central
Leliambe,Matale,Central
Lenadora,Matale,Central
"Ihala Halmillewa",Matale,Central
Illukkumbura,Matale,Central
Madipola,Matale,Central
Mahawela,Matale,Central
Mananwatta,Matale,Central
Maraka,Matale,Central
Matale,Matale,Central
Melipitiya,Matale,Central
Metihakka,Matale,Central
Millawana,Matale,Central
Muwandeniya,Matale,Central
Nalanda,Matale,Central
Naula,Matale,Central
Opalgala,Matale,Central
Pallepola,Matale,Central
Pimburattewa,Matale,Central
Pulastigama,Matale,Central
Ranamuregama,Matale,Central
Rattota,Matale,Central
Selagama,Matale,Central
Sigiriya,Matale,Central
Sinhagama,Matale,Central
Sungavila,Matale,Central
"Talagoda Junction",Matale,Central
Talakiriyagama,Matale,Central
Tamankaduwa,Matale,Central
Udasgiriya,Matale,Central
Udatenna,Matale,Central
Ukuwela,Matale,Central
Wahacotte,Matale,Central
Walawela,Matale,Central
Wehigala,Matale,Central
Welangahawatte,Matale,Central
Wewalawewa,Matale,Central
Yatawatta,Matale,Central
Akuressa,Matara,Southern
Alapaladeniya,Matara,Southern
Aparekka,Matara,Southern
Athuraliya,Matara,Southern
Bengamuwa,Matara,Southern
Bopagoda,Matara,Southern
Dampahala,Matara,Southern
"Deegala Lenama",Matara,Southern
Deiyandara,Matara,Southern
Denagama,Matara,Southern
Denipitiya,Matara,Southern
Deniyaya,Matara,Southern
Derangala,Matara,Southern
"Devinuwara (Dondra)",Matara,Southern
Dikwella,Matara,Southern
Diyagaha,Matara,Southern
Diyalape,Matara,Southern
Gandara,Matara,Southern
Godapitiya,Matara,Southern
Gomilamawarala,Matara,Southern
Hawpe,Matara,Southern
Horapawita,Matara,Southern
Kalubowitiyana,Matara,Southern
Kamburugamuwa,Matara,Southern
Kamburupitiya,Matara,Southern
"Karagoda Uyangoda",Matara,Southern
Karaputugala,Matara,Southern
Karatota,Matara,Southern
Kekanadura,Matara,Southern
Kiriweldola,Matara,Southern
Kiriwelkele,Matara,Southern
Kolawenigama,Matara,Southern
Kotapola,Matara,Southern
Lankagama,Matara,Southern
Makandura,Matara,Southern
Maliduwa,Matara,Southern
Maramba,Matara,Southern
Matara,Matara,Southern
Mediripitiya,Matara,Southern
Miella,Matara,Southern
Mirissa,Matara,Southern
Morawaka,Matara,Southern
"Mulatiyana Junction",Matara,Southern
Nadugala,Matara,Southern
Naimana,Matara,Southern
Palatuwa,Matara,Southern
Parapamulla,Matara,Southern
Pasgoda,Matara,Southern
Penetiyana,Matara,Southern
Pitabeddara,Matara,Southern
Puhulwella,Matara,Southern
Radawela,Matara,Southern
Ransegoda,Matara,Southern
Rotumba,Matara,Southern
Sultanagoda,Matara,Southern
Telijjawila,Matara,Southern
Thihagoda,Matara,Southern
Urubokka,Matara,Southern
Urugamuwa,Matara,Southern
Urumutta,Matara,Southern
Viharahena,Matara,Southern
Walakanda,Matara,Southern
Walasgala,Matara,Southern
Waralla,Matara,Southern
Weligama,Matara,Southern
Wilpita,Matara,Southern
Yatiyana,Matara,Southern
Ayiwela,Monaragala,Uva
Badalkumbura,Monaragala,Uva
Baduluwela,Monaragala,Uva
Bakinigahawela,Monaragala,Uva
Balaharuwa,Monaragala,Uva
Bibile,Monaragala,Uva
Buddama,Monaragala,Uva
Buttala,Monaragala,Uva
Dambagalla,Monaragala,Uva
Diyakobala,Monaragala,Uva
Dombagahawela,Monaragala,Uva
Ethimalewewa,Monaragala,Uva
Ettiliwewa,Monaragala,Uva
Galabedda,Monaragala,Uva
Gamewela,Monaragala,Uva
Hambegamuwa,Monaragala,Uva
Hingurukaduwa,Monaragala,Uva
Hulandawa,Monaragala,Uva
Inginiyagala,Monaragala,Uva
Kandaudapanguwa,Monaragala,Uva
Kandawinna,Monaragala,Uva
Kataragama,Monaragala,Uva
Kotagama,Monaragala,Uva
Kotamuduna,Monaragala,Uva
"Kotawehera Mankada",Monaragala,Uva
Kudawewa,Monaragala,Uva
Kumbukkana,Monaragala,Uva
Marawa,Monaragala,Uva
Mariarawa,Monaragala,Uva
Medagana,Monaragala,Uva
Medawelagama,Monaragala,Uva
Miyanakandura,Monaragala,Uva
Monaragala,Monaragala,Uva
Moretuwegama,Monaragala,Uva
Nakkala,Monaragala,Uva
Namunukula,Monaragala,Uva
Nannapurawa,Monaragala,Uva
Nelliyadda,Monaragala,Uva
Nilgala,Monaragala,Uva
Obbegoda,Monaragala,Uva
Okkampitiya,Monaragala,Uva
Pangura,Monaragala,Uva
Pitakumbura,Monaragala,Uva
Randeniya,Monaragala,Uva
Ruwalwela,Monaragala,Uva
"Sella Kataragama",Monaragala,Uva
Siyambalagune,Monaragala,Uva
Siyambalanduwa,Monaragala,Uva
Suriara,Monaragala,Uva
Thanamalwila,Monaragala,Uva
"Uva Gangodagama",Monaragala,Uva
"Uva Kudaoya",Monaragala,Uva
"Uva Pelwatta",Monaragala,Uva
Warunagama,Monaragala,Uva
Wedikumbura,Monaragala,Uva
"Weherayaya Handapanagala",Monaragala,Uva
Wellawaya,Monaragala,Uva
Wilaoya,Monaragala,Uva
Yudaganawa,Monaragala,Uva
Mullativu,Mullaitivu,Northern
Agarapathana,"Nuwara Eliya",Central
Ambatalawa,"Nuwara Eliya",Central
Ambewela,"Nuwara Eliya",Central
Bogawantalawa,"Nuwara Eliya",Central
Bopattalawa,"Nuwara Eliya",Central
Dagampitiya,"Nuwara Eliya",Central
"Dayagama Bazaar","Nuwara Eliya",Central
Dikoya,"Nuwara Eliya",Central
Doragala,"Nuwara Eliya",Central
Dunukedeniya,"Nuwara Eliya",Central
Egodawela,"Nuwara Eliya",Central
Ekiriya,"Nuwara Eliya",Central
Elamulla,"Nuwara Eliya",Central
Ginigathena,"Nuwara Eliya",Central
Gonakele,"Nuwara Eliya",Central
Haggala,"Nuwara Eliya",Central
Halgranoya,"Nuwara Eliya",Central
Hangarapitiya,"Nuwara Eliya",Central
Hapugasthalawa,"Nuwara Eliya",Central
Harasbedda,"Nuwara Eliya",Central
Hatton,"Nuwara Eliya",Central
Hewaheta,"Nuwara Eliya",Central
Hitigegama,"Nuwara Eliya",Central
Jangulla,"Nuwara Eliya",Central
Kalaganwatta,"Nuwara Eliya",Central
Kandapola,"Nuwara Eliya",Central
Karandagolla,"Nuwara Eliya",Central
"Keerthi Bandarapura","Nuwara Eliya",Central
Kiribathkumbura,"Nuwara Eliya",Central
Kotiyagala,"Nuwara Eliya",Central
Kotmale,"Nuwara Eliya",Central
Kottellena,"Nuwara Eliya",Central
Kumbalgamuwa,"Nuwara Eliya",Central
Kumbukwela,"Nuwara Eliya",Central
Kurupanawela,"Nuwara Eliya",Central
Labukele,"Nuwara Eliya",Central
Laxapana,"Nuwara Eliya",Central
Lindula,"Nuwara Eliya",Central
Madulla,"Nuwara Eliya",Central
"Mandaram Nuwara","Nuwara Eliya",Central
Maskeliya,"Nuwara Eliya",Central
Maswela,"Nuwara Eliya",Central
Maturata,"Nuwara Eliya",Central
Mipanawa,"Nuwara Eliya",Central
Mipilimana,"Nuwara Eliya",Central
Morahenagama,"Nuwara Eliya",Central
Munwatta,"Nuwara Eliya",Central
"Nayapana Janapadaya","Nuwara Eliya",Central
Nildandahinna,"Nuwara Eliya",Central
"Nissanka Uyana","Nuwara Eliya",Central
Norwood,"Nuwara Eliya",Central
"Nuwara Eliya","Nuwara Eliya",Central
Padiyapelella,"Nuwara Eliya",Central
Pallebowala,"Nuwara Eliya",Central
Panvila,"Nuwara Eliya",Central
Pitawala,"Nuwara Eliya",Central
Pundaluoya,"Nuwara Eliya",Central
Ramboda,"Nuwara Eliya",Central
Rikillagaskada,"Nuwara Eliya",Central
Rozella,"Nuwara Eliya",Central
Rupaha,"Nuwara Eliya",Central
Ruwaneliya,"Nuwara Eliya",Central
Santhipura,"Nuwara Eliya",Central
Talawakele,"Nuwara Eliya",Central
Tawalantenna,"Nuwara Eliya",Central
Teripeha,"Nuwara Eliya",Central
Udamadura,"Nuwara Eliya",Central
Udapussallawa,"Nuwara Eliya",Central
"Uva Deegalla","Nuwara Eliya",Central
"Uva Uduwara","Nuwara Eliya",Central
Uvaparanagama,"Nuwara Eliya",Central
Walapane,"Nuwara Eliya",Central
Watawala,"Nuwara Eliya",Central
Widulipura,"Nuwara Eliya",Central
Wijebahukanda,"Nuwara Eliya",Central
Attanakadawala,Polonnaruwa,"North Central"
Bakamuna,Polonnaruwa,"North Central"
Diyabeduma,Polonnaruwa,"North Central"
Elahera,Polonnaruwa,"North Central"
Giritale,Polonnaruwa,"North Central"
Hingurakdamana,Polonnaruwa,"North Central"
Hingurakgoda,Polonnaruwa,"North Central"
Jayanthipura,Polonnaruwa,"North Central"
Kalingaela,Polonnaruwa,"North Central"
Lakshauyana,Polonnaruwa,"North Central"
Mankemi,Polonnaruwa,"North Central"
Minneriya,Polonnaruwa,"North Central"
Onegama,Polonnaruwa,"North Central"
"Orubendi Siyambalawa",Polonnaruwa,"North Central"
Palugasdamana,Polonnaruwa,"North Central"
Panichankemi,Polonnaruwa,"North Central"
Polonnaruwa,Polonnaruwa,"North Central"
Talpotha,Polonnaruwa,"North Central"
Tambala,Polonnaruwa,"North Central"
Unagalavehera,Polonnaruwa,"North Central"
Wijayabapura,Polonnaruwa,"North Central"
Adippala,Puttalam,"North Western"
Alutgama,Puttalam,"North Western"
Alutwewa,Puttalam,"North Western"
Ambakandawila,Puttalam,"North Western"
Anamaduwa,Puttalam,"North Western"
Andigama,Puttalam,"North Western"
Angunawila,Puttalam,"North Western"
Attawilluwa,Puttalam,"North Western"
Bangadeniya,Puttalam,"North Western"
Baranankattuwa,Puttalam,"North Western"
Battuluoya,Puttalam,"North Western"
Bujjampola,Puttalam,"North Western"
Chilaw,Puttalam,"North Western"
Dalukana,Puttalam,"North Western"
Dankotuwa,Puttalam,"North Western"
Dewagala,Puttalam,"North Western"
Dummalasuriya,Puttalam,"North Western"
Dunkannawa,Puttalam,"North Western"
Eluwankulama,Puttalam,"North Western"
Ettale,Puttalam,"North Western"
Galamuna,Puttalam,"North Western"
Galmuruwa,Puttalam,"North Western"
Hansayapalama,Puttalam,"North Western"
"Ihala Kottaramulla",Puttalam,"North Western"
Ilippadeniya,Puttalam,"North Western"
Inginimitiya,Puttalam,"North Western"
Ismailpuram,Puttalam,"North Western"
Jayasiripura,Puttalam,"North Western"
Kakkapalliya,Puttalam,"North Western"
Kalkudah,Puttalam,"North Western"
Kalladiya,Puttalam,"North Western"
Kandakuliya,Puttalam,"North Western"
Karathivu,Puttalam,"North Western"
Karawitagara,Puttalam,"North Western"
Karuwalagaswewa,Puttalam,"North Western"
Katuneriya,Puttalam,"North Western"
Koswatta,Puttalam,"North Western"
Kottantivu,Puttalam,"North Western"
Kottapitiya,Puttalam,"North Western"
Kottukachchiya,Puttalam,"North Western"
Kumarakattuwa,Puttalam,"North Western"
Kurinjanpitiya,Puttalam,"North Western"
Kuruketiyawa,Puttalam,"North Western"
Lunuwila,Puttalam,"North Western"
Madampe,Puttalam,"North Western"
Madurankuliya,Puttalam,"North Western"
Mahakumbukkadawala,Puttalam,"North Western"
Mahauswewa,Puttalam,"North Western"
Mampitiya,Puttalam,"North Western"
Mampuri,Puttalam,"North Western"
Mangalaeliya,Puttalam,"North Western"
Marawila,Puttalam,"North Western"
Mudalakkuliya,Puttalam,"North Western"
Mugunuwatawana,Puttalam,"North Western"
Mukkutoduwawa,Puttalam,"North Western"
Mundel,Puttalam,"North Western"
Muttibendiwila,Puttalam,"North Western"
Nainamadama,Puttalam,"North Western"
Nalladarankattuwa,Puttalam,"North Western"
Nattandiya,Puttalam,"North Western"
Nawagattegama,Puttalam,"North Western"
Nelumwewa,Puttalam,"North Western"
Norachcholai,Puttalam,"North Western"
Pallama,Puttalam,"North Western"
Palliwasalturai,Puttalam,"North Western"
Panirendawa,Puttalam,"North Western"
Parakramasamudraya,Puttalam,"North Western"
Pothuwatawana,Puttalam,"North Western"
Puttalam,Puttalam,"North Western"
"Puttalam Cement Factory",Puttalam,"North Western"
Rajakadaluwa,Puttalam,"North Western"
"Saliyawewa Junction",Puttalam,"North Western"
Serukele,Puttalam,"North Western"
Siyambalagashene,Puttalam,"North Western"
Tabbowa,Puttalam,"North Western"
"Talawila Church",Puttalam,"North Western"
Toduwawa,Puttalam,"North Western"
Udappuwa,Puttalam,"North Western"
Uridyawa,Puttalam,"North Western"
Vanathawilluwa,Puttalam,"North Western"
Waikkal,Puttalam,"North Western"
Watugahamulla,Puttalam,"North Western"
Wennappuwa,Puttalam,"North Western"
Wijeyakatupotha,Puttalam,"North Western"
Wilpotha,Puttalam,"North Western"
Yodaela,Puttalam,"North Western"
Yogiyana,Puttalam,"North Western"
Akarella,Ratnapura,Sabaragamuwa
Amunumulla,Ratnapura,Sabaragamuwa
Atakalanpanna,Ratnapura,Sabaragamuwa
Ayagama,Ratnapura,Sabaragamuwa
Balangoda,Ratnapura,Sabaragamuwa
Batatota,Ratnapura,Sabaragamuwa
Beralapanathara,Ratnapura,Sabaragamuwa
Bogahakumbura,Ratnapura,Sabaragamuwa
Bolthumbe,Ratnapura,Sabaragamuwa
Bomluwageaina,Ratnapura,Sabaragamuwa
Bowalagama,Ratnapura,Sabaragamuwa
Bulutota,Ratnapura,Sabaragamuwa
Dambuluwana,Ratnapura,Sabaragamuwa
Daugala,Ratnapura,Sabaragamuwa
Dela,Ratnapura,Sabaragamuwa
Delwala,Ratnapura,Sabaragamuwa
Dodampe,Ratnapura,Sabaragamuwa
Doloswalakanda,Ratnapura,Sabaragamuwa
"Dumbara Manana",Ratnapura,Sabaragamuwa
Eheliyagoda,Ratnapura,Sabaragamuwa
Ekamutugama,Ratnapura,Sabaragamuwa
Elapatha,Ratnapura,Sabaragamuwa
Ellagawa,Ratnapura,Sabaragamuwa
Ellaulla,Ratnapura,Sabaragamuwa
Ellawala,Ratnapura,Sabaragamuwa
Embilipitiya,Ratnapura,Sabaragamuwa
Eratna,Ratnapura,Sabaragamuwa
Erepola,Ratnapura,Sabaragamuwa
Gabbela,Ratnapura,Sabaragamuwa
Gangeyaya,Ratnapura,Sabaragamuwa
Gawaragiriya,Ratnapura,Sabaragamuwa
Gillimale,Ratnapura,Sabaragamuwa
Godakawela,Ratnapura,Sabaragamuwa
Gurubewilagama,Ratnapura,Sabaragamuwa
Halwinna,Ratnapura,Sabaragamuwa
Handagiriya,Ratnapura,Sabaragamuwa
Hatangala,Ratnapura,Sabaragamuwa
Hatarabage,Ratnapura,Sabaragamuwa
Hewanakumbura,Ratnapura,Sabaragamuwa
Hidellana,Ratnapura,Sabaragamuwa
Hiramadagama,Ratnapura,Sabaragamuwa
Horewelagoda,Ratnapura,Sabaragamuwa
Ittakanda,Ratnapura,Sabaragamuwa
Kahangama,Ratnapura,Sabaragamuwa
Kahawatta,Ratnapura,Sabaragamuwa
Kalawana,Ratnapura,Sabaragamuwa
Kaltota,Ratnapura,Sabaragamuwa
Kalubululanda,Ratnapura,Sabaragamuwa
"Kananke Bazaar",Ratnapura,Sabaragamuwa
Kandepuhulpola,Ratnapura,Sabaragamuwa
Karandana,Ratnapura,Sabaragamuwa
Karangoda,Ratnapura,Sabaragamuwa
"Kella Junction",Ratnapura,Sabaragamuwa
Keppetipola,Ratnapura,Sabaragamuwa
Kiriella,Ratnapura,Sabaragamuwa
Kiriibbanwewa,Ratnapura,Sabaragamuwa
"Kolambage Ara",Ratnapura,Sabaragamuwa
Kolombugama,Ratnapura,Sabaragamuwa
Kolonna,Ratnapura,Sabaragamuwa
Kudawa,Ratnapura,Sabaragamuwa
Kuruwita,Ratnapura,Sabaragamuwa
Lellopitiya,Ratnapura,Sabaragamuwa
Imaduwa,Ratnapura,Sabaragamuwa
Imbulpe,Ratnapura,Sabaragamuwa
"Mahagama Colony",Ratnapura,Sabaragamuwa
Mahawalatenna,Ratnapura,Sabaragamuwa
Makandura,Ratnapura,Sabaragamuwa
"Malwala Junction",Ratnapura,Sabaragamuwa
Malwatta,Ratnapura,Sabaragamuwa
Matuwagalagama,Ratnapura,Sabaragamuwa
Medagalature,Ratnapura,Sabaragamuwa
Meddekanda,Ratnapura,Sabaragamuwa
"Minipura Dumbara",Ratnapura,Sabaragamuwa
Mitipola,Ratnapura,Sabaragamuwa
"Moragala Kirillapone",Ratnapura,Sabaragamuwa
Morahela,Ratnapura,Sabaragamuwa
Mulendiyawala,Ratnapura,Sabaragamuwa
Mulgama,Ratnapura,Sabaragamuwa
Nawalakanda,Ratnapura,Sabaragamuwa
Nawinnapinnakanda,Ratnapura,Sabaragamuwa
Niralagama,Ratnapura,Sabaragamuwa
Nivitigala,Ratnapura,Sabaragamuwa
Omalpe,Ratnapura,Sabaragamuwa
Opanayaka,Ratnapura,Sabaragamuwa
Padalangala,Ratnapura,Sabaragamuwa
Pallebedda,Ratnapura,Sabaragamuwa
Pallekanda,Ratnapura,Sabaragamuwa
Pambagolla,Ratnapura,Sabaragamuwa
Panamura,Ratnapura,Sabaragamuwa
Panapola,Ratnapura,Sabaragamuwa
Paragala,Ratnapura,Sabaragamuwa
Parakaduwa,Ratnapura,Sabaragamuwa
Pebotuwa,Ratnapura,Sabaragamuwa
Pelmadulla,Ratnapura,Sabaragamuwa
Pinnawala,Ratnapura,Sabaragamuwa
Pothdeniya,Ratnapura,Sabaragamuwa
Rajawaka,Ratnapura,Sabaragamuwa
Ranwala,Ratnapura,Sabaragamuwa
Rassagala,Ratnapura,Sabaragamuwa
Rathgama,Ratnapura,Sabaragamuwa
"Ratna Hangamuwa",Ratnapura,Sabaragamuwa
Ratnapura,Ratnapura,Sabaragamuwa
Sewanagala,Ratnapura,Sabaragamuwa
"Sri Palabaddala",Ratnapura,Sabaragamuwa
Sudagala,Ratnapura,Sabaragamuwa
Thalakolahinna,Ratnapura,Sabaragamuwa
Thanjantenna,Ratnapura,Sabaragamuwa
Theppanawa,Ratnapura,Sabaragamuwa
Thunkama,Ratnapura,Sabaragamuwa
Udakarawita,Ratnapura,Sabaragamuwa
Udaniriella,Ratnapura,Sabaragamuwa
Udawalawe,Ratnapura,Sabaragamuwa
Ullinduwawa,Ratnapura,Sabaragamuwa
Veddagala,Ratnapura,Sabaragamuwa
Vijeriya,Ratnapura,Sabaragamuwa
Waleboda,Ratnapura,Sabaragamuwa
Watapotha,Ratnapura,Sabaragamuwa
Waturawa,Ratnapura,Sabaragamuwa
Weligepola,Ratnapura,Sabaragamuwa
Welipathayaya,Ratnapura,Sabaragamuwa
Wikiliya,Ratnapura,Sabaragamuwa
Agbopura,Trincomalee,Eastern
Buckmigama,Trincomalee,Eastern
"China Bay",Trincomalee,Eastern
Dehiwatte,Trincomalee,Eastern
Echchilampattai,Trincomalee,Eastern
Galmetiyawa,Trincomalee,Eastern
Gomarankadawala,Trincomalee,Eastern
Kaddaiparichchan,Trincomalee,Eastern
Kallar,Trincomalee,Eastern
Kanniya,Trincomalee,Eastern
Kantalai,Trincomalee,Eastern
"Kantalai Sugar Factory",Trincomalee,Eastern
Kiliveddy,Trincomalee,Eastern
Kinniya,Trincomalee,Eastern
Kuchchaveli,Trincomalee,Eastern
Kumburupiddy,Trincomalee,Eastern
Kurinchakerny,Trincomalee,Eastern
Lankapatuna,Trincomalee,Eastern
Mahadivulwewa,Trincomalee,Eastern
Maharugiramam,Trincomalee,Eastern
Mallikativu,Trincomalee,Eastern
Mawadichenai,Trincomalee,Eastern
Mullipothana,Trincomalee,Eastern
Mutur,Trincomalee,Eastern
Neelapola,Trincomalee,Eastern
Nilaveli,Trincomalee,Eastern
Pankulam,Trincomalee,Eastern
Pulmoddai,Trincomalee,Eastern
Rottawewa,Trincomalee,Eastern
Sampaltivu,Trincomalee,Eastern
Sampoor,Trincomalee,Eastern
Serunuwara,Trincomalee,Eastern
Seruwila,Trincomalee,Eastern
Sirajnagar,Trincomalee,Eastern
Somapura,Trincomalee,Eastern
Tampalakamam,Trincomalee,Eastern
Thuraineelavanai,Trincomalee,Eastern
Tiriyayi,Trincomalee,Eastern
Toppur,Trincomalee,Eastern
Trincomalee,Trincomalee,Eastern
Wanela,Trincomalee,Eastern
Vavuniya,Vavuniya,Northern
"Colombo 1 (Fort)",Colombo,Western
"Colombo 3 (Colpetty)",Colombo,Western
"Colombo 4 (Bambalapitiya)",Colombo,Western
"Colombo 5 (Havelock Town)",Colombo,Western
"Colombo 7 (Cinnamon Gardens)",Colombo,Western
"Colombo 9 (Dematagoda)",Colombo,Western
"Colombo 10 (Maradana)",Colombo,Western
"Colombo 11 (Pettah)",Colombo,Western
"Colombo 12 (Hulftsdorp)",Colombo,Western
"Colombo 14 (Grandpass)",Colombo,Western
"Colombo Secretariant",Colombo,Western
"Melle Street",Colombo,Western
"Rifel Street",Colombo,Western
"Gem & Jewelry",Colombo,Western
"Torington Square",Colombo,Western
"National Museum of Colombo",Colombo,Western
"Colombo Labour Sec",Colombo,Western
Polhengoda,Colombo,Western
"Anderson Plats",Colombo,Western
"Keppetipola Mawatha",Colombo,Western
Narahenpita,Colombo,Western
Kirulapana,Colombo,Western
"University of Colombo",Colombo,Western
"Colombo General Hospital",Colombo,Western
"Gothami Road",Colombo,Western
Wanathamulla,Colombo,Western
"Baseline Road",Colombo,Western
Kopiyawatta,Colombo,Western
Maligawatta,Colombo,Western
Panchikawatte,Colombo,Western
Sarasavipaya,Colombo,Western
Maligakanda,Colombo,Western
"Wolfendal Street",Colombo,Western
"Pettah Bus Stand",Colombo,Western
"Colombo Kachcheri",Colombo,Western
"Armour Street",Colombo,Western
"St. Anthony's",Colombo,Western
"Miraniya Street",Colombo,Western
"Wasala Road",Colombo,Western
"Nagalagam Street",Colombo,Western
"Aluth Mawatha Road",Colombo,Western
"Mutwal South",Colombo,Western
Beddagana,Colombo,Western
Madiwela,Colombo,Western
"Sri Perakumpura",Colombo,Western
"Mirihana North",Colombo,Western
Nawala-Koswatte,Colombo,Western
Nawala,Colombo,Western
Rajagiriya,Colombo,Western
"Parliament of Sri Lanka",Colombo,Western
Obeysekarapura,Colombo,Western
Kalapaluwawa,Colombo,Western
"Talangama North",Colombo,Western
"Talangama South",Colombo,Western
Jayawardhenegama,Colombo,Western
Isurupaya,Colombo,Western
Sethsiripaya,Colombo,Western
Malabe,Colombo,Western
Oruwala,Colombo,Western
"Panagoda Army Camp",Colombo,Western
Magammana-Dolekade,Colombo,Western
"Homagama Town",Colombo,Western
"Godagama Junction",Colombo,Western
Panagoda,Colombo,Western
Galawilawaththa,Colombo,Western
Kottawa,Colombo,Western
Pelenwatta,Colombo,Western
"Arawwala West",Colombo,Western
"Kottawa North",Colombo,Western
Rukmale-Pannipitiya,Colombo,Western
Malapalla,Colombo,Western
Mattegoda,Colombo,Western
Mirihana,Colombo,Western
Udahamulla,Colombo,Western
Kohuwala,Colombo,Western
Pamunuwa-Patiragoda,Colombo,Western
Sudanapura,Colombo,Western
Nawinna,Colombo,Western
"Vidyodaya University",Colombo,Western
Pepiliyana,Colombo,Western
Katuwawala,Colombo,Western
Suwarapola,Colombo,Western
Gorakapitiya,Colombo,Western
Makandana,Colombo,Western
Kesbewa,Colombo,Western
Bokundara,Colombo,Western
Kahathuduwa,Colombo,Western
"Ratmalana North",Colombo,Western
"Sirimal Uyana",Colombo,Western
Ratmalana,Colombo,Western
Koralawella,Colombo,Western
"Egodauyana North",Colombo,Western
"Egodauyana South",Colombo,Western
Indibedda,Colombo,Western
Moratumulla,Colombo,Western
Rawathawatta,Colombo,Western
Willorawatta,Colombo,Western
Lunawa,Colombo,Western
Laksapatiya,Colombo,Western
Angulana,Colombo,Western
Kaldemulla,Colombo,Western
Katubedda,Colombo,Western
Liyanwala,Colombo,Western
Poregedara,Colombo,Western
Dampe,Colombo,Western
Malagala,Colombo,Western
"Meepe Junction",Colombo,Western
Pinnawala-Waga,Colombo,Western
Angampitiya,Colombo,Western
Arukwathupura,Colombo,Western
Kandanapitiya,Colombo,Western
Gurulana,Colombo,Western
Udugamkanda,Colombo,Western
Wattala,Gampaha,Western
Bulnewa,Anuradhapura,"North Central"
Kebithigollewa,Anuradhapura,"North Central"
Madipola,Matale,Central
Karatota,Matara,Southern
Gangulandeniya,Hambantota,Southern
Idalgashinna,Badulla,Uva
Allaipiddi,Jaffna,Northern
Allaveddi,Jaffna,Northern
Alvai,Jaffna,Northern
Anaikoddai,Jaffna,Northern
Analaitivu,Jaffna,Northern
Araly,Jaffna,Northern
Atchuveli,Jaffna,Northern
Chankanai,Jaffna,Northern
Chavakachcheri,Jaffna,Northern
Chullipuram,Jaffna,Northern
Chundikuli,Jaffna,Northern
Chunnakam,Jaffna,Northern
"Delft West",Jaffna,Northern
Delft,Jaffna,Northern
Eluvaitivu,Jaffna,Northern
Erialai,Jaffna,Northern
Ilavalai,Jaffna,Northern
Kankesanthurai,Jaffna,Northern
Karainagar,Jaffna,Northern
Karaveddi,Jaffna,Northern
Kayts,Jaffna,Northern
Kodikamam,Jaffna,Northern
Kokuvil,Jaffna,Northern
Kondavil,Jaffna,Northern
Kopay,Jaffna,Northern
Kudatanai,Jaffna,Northern
Mallakam,Jaffna,Northern
Mandaitivu,Jaffna,Northern
Manipay,Jaffna,Northern
Mathagal,Jaffna,Northern
Meesalai,Jaffna,Northern
Mahiyampathy,Jaffna,Northern
Mirusuvil,Jaffna,Northern
Nagarkovil,Jaffna,Northern
Nagendramadam,Jaffna,Northern
Nainathivu,Jaffna,Northern
Neervely,Jaffna,Northern
Pandaterippu,Jaffna,Northern
"Point Pedro",Jaffna,Northern
Puloly,Jaffna,Northern
Pungudutivu,Jaffna,Northern
Puttur,Jaffna,Northern
Sandilipay,Jaffna,Northern
Sangarathai,Jaffna,Northern
Sithankerny,Jaffna,Northern
Sivankovilady,Jaffna,Northern
Thellippallai,Jaffna,Northern
Thondamanaru,Jaffna,Northern
Urumpirai,Jaffna,Northern
Vaddukoddai,Jaffna,Northern
Valvettithurai,Jaffna,Northern
Varany,Jaffna,Northern
Vasavilan,Jaffna,Northern
Velanai,Jaffna,Northern
Gurunagar,Jaffna,Northern
Kaitadi,Jaffna,Northern
Nallur,Jaffna,Northern
Thirunelvely,Jaffna,Northern
Vannarponnai,Jaffna,Northern
Akkarayankulam,Kilinochchi,Northern
Aliyawalai,Kilinochchi,Northern
Chempiyanpattu,Kilinochchi,Northern
"Elephant Pass",Kilinochchi,Northern
Eluthumadduval,Kilinochchi,Northern
Iranaitiv,Kilinochchi,Northern
Iyyakachchi,Kilinochchi,Northern
Kavutharimunai,Kilinochchi,Northern
Konavil,Kilinochchi,Northern
Mulliyan,Kilinochchi,Northern
Murasumoddai,Kilinochchi,Northern
Pallavarayankaddu,Kilinochchi,Northern
Paranthan,Kilinochchi,Northern
Puliyampokkanai,Kilinochchi,Northern
Punakari-Nallur,Kilinochchi,Northern
Ramanathapuram,Kilinochchi,Northern
Sivapuram,Kilinochchi,Northern
Skanthapuram,Kilinochchi,Northern
Thalaiyadi,Kilinochchi,Northern
Tharmapuram,Kilinochchi,Northern
Uruthirapuram,Kilinochchi,Northern
Vaddakachchi,Kilinochchi,Northern
Vannerikkulam,Kilinochchi,Northern
Veravil,Kilinochchi,Northern
Vinayagapuram,Kilinochchi,Northern
Ambalnagar,Kilinochchi,Northern
Cheddiyakurichchi,Kilinochchi,Northern
Chundikulam,Kilinochchi,Northern
Kalmadunagar,Kilinochchi,Northern
Karadipokku,Kilinochchi,Northern
Kilay,Kilinochchi,Northern
Kunchuparanthan,Kilinochchi,Northern
Muhamalai,Kilinochchi,Northern
Pallai,Kilinochchi,Northern
Sivanagar,Kilinochchi,Northern
Soranpattu,Kilinochchi,Northern
Thirunagar,Kilinochchi,Northern
Thiruvaiaru,Kilinochchi,Northern
Alampil,Mullaitivu,Northern
Karuppaddamurippu,Mullaitivu,Northern
Mankulam,Mullaitivu,Northern
Mullivaikkal,Mullaitivu,Northern
Mulliyawalai,Mullaitivu,Northern
Muththaiyankaddukulam,Mullaitivu,Northern
Naddankandal,Mullaitivu,Northern
Oddusudan,Mullaitivu,Northern
Puthukkudiyiruppu,Mullaitivu,Northern
Puthuvedduvan,Mullaitivu,Northern
Thunukkai,Mullaitivu,Northern
Udayarkaddu,Mullaitivu,Northern
Vavunakkulam,Mullaitivu,Northern
Visvamadukulam,Mullaitivu,Northern
Yogapuram,Mullaitivu,Northern
Ampalavanpokkanai,Mullaitivu,Northern
Ananthapuram,Mullaitivu,Northern
Ethawetunuwewa,Mullaitivu,Northern
Kokkilai,Mullaitivu,Northern
Kokkuthuoduvai,Mullaitivu,Northern
Kumulamunai,Mullaitivu,Northern
Mullathivu,Mullaitivu,Northern
Murukandy,Mullaitivu,Northern
Welioya,Mullaitivu,Northern
Nedunkerny,Vavuniya,Northern
Neriyakulam,Vavuniya,Northern
Alagalla,Vavuniya,Northern
Andiyapuliyankulam,Vavuniya,Northern
Asikulam,Vavuniya,Northern
Cheddikulam,Vavuniya,Northern
Chemamadukulam,Vavuniya,Northern
"Iranai lluppaikulam",Vavuniya,Northern
Kalmadhu,Vavuniya,Northern
"Iratta Periyakulama",Vavuniya,Northern
Kanagarayankulam,Vavuniya,Northern
Kannaddi,Vavuniya,Northern
"Kela Bogaswewa",Vavuniya,Northern
Kovilkulam,Vavuniya,Northern
Madukanda,Vavuniya,Northern
Mahakachchakodiya,Vavuniya,Northern
Mamaduwa,Vavuniya,Northern
Maradammaduwa,Vavuniya,Northern
Maraiyadithakulam,Vavuniya,Northern
Maruthodai,Vavuniya,Northern
Mathavuvaithakulam,Vavuniya,Northern
Nainamadu,Vavuniya,Northern
Nelukkulam,Vavuniya,Northern
Nochchimoddai,Vavuniya,Northern
Omanthai,Vavuniya,Northern
Palamoddai,Vavuniya,Northern
Pampaimadu,Vavuniya,Northern
"Pavakkulama Unit 1",Vavuniya,Northern
"Pavakkulama Unit 2",Vavuniya,Northern
Periyathambanai,Vavuniya,Northern
"Periya Ulukkulama",Vavuniya,Northern
Poovarasankulam,Vavuniya,Northern
Puliyankulam,Vavuniya,Northern
Sathirikulankulam,Vavuniya,Northern
Sinnasippikulam,Vavuniya,Northern
Thandikulam,Vavuniya,Northern
Vaarikkuttiyoor,Vavuniya,Northern
Aandankulam,Mannar,Northern
Adampan,Mannar,Northern
Arippu,Mannar,Northern
Athimottai,Mannar,Northern
Chilavathurai,Mannar,Northern
Erukkalampiddy,Mannar,Northern
Illuppaikadavai,Mannar,Northern
Karisal,Mannar,Northern
Kokkupadayan,Mannar,Northern
"Madhu Church",Mannar,Northern
"Madhu Road",Mannar,Northern
Marichchikaddi,Mannar,Northern
Mullikulam,Mannar,Northern
Murunkan,Mannar,Northern
Nanattan,Mannar,Northern
Palampiddy,Mannar,Northern
Pallimunai,Mannar,Northern
Pandaraveli,Mannar,Northern
Pappamoddai,Mannar,Northern
Parappankandal,Mannar,Northern
Parappukadanthan,Mannar,Northern
Periyakunchikulam,Mannar,Northern
Periyamadhu,Mannar,Northern
Periyapandivirichchan,Mannar,Northern
Pesalai,Mannar,Northern
Potkerny,Mannar,Northern
Puthuveli,Mannar,Northern
Sooriyakaddaikadhu,Mannar,Northern
Thalaimannar,Mannar,Northern
"Thalaimannar Pier",Mannar,Northern
"Thalaimannar West",Mannar,Northern
Thalvupadu,Mannar,Northern
Tharapuram,Mannar,Northern
Thiruketheeswaram,Mannar,Northern
Uyilankulam,Mannar,Northern
Uyirtharasankulam,Mannar,Northern
Vaddakandal,Mannar,Northern
Vankalai,Mannar,Northern
Vellankulam,Mannar,Northern
Veppankulam,Mannar,Northern
Vidataltivu,Mannar,Northern
Mabola,Gampaha,Western
